{"cameraMode":{"drawMode":0,"name":"Shaded","section":"Shading Mode"},"sceneLighting":false,"audioPlay":false,"sceneViewState":{"showFog":true,"showMaterialUpdate":false,"showSkybox":true,"showFlares":true,"showImageEffects":true,"showParticleSystems":true},"in2DMode":false,"pivot":{"x":44.58919906616211,"y":-2.034682512283325,"z":68.87882232666016},"rotation":{"x":-0.1420300304889679,"y":-0.20857295393943788,"z":0.030629213899374009,"w":-0.9671539068222046},"size":12.593460083007813,"orthographic":false}