{"cameraMode":{"drawMode":0,"name":"Shaded","section":"Shading Mode"},"sceneLighting":false,"audioPlay":false,"sceneViewState":{"showFog":true,"showMaterialUpdate":false,"showSkybox":true,"showFlares":true,"showImageEffects":true,"showParticleSystems":true},"in2DMode":false,"pivot":{"x":45.310001373291019,"y":2.2799999713897707,"z":65.30000305175781},"rotation":{"x":-0.4406190812587738,"y":0.008614867925643921,"z":-0.004228596575558186,"w":-0.8976429104804993},"size":22.0,"orthographic":false}