{"cameraMode":{"drawMode":1,"name":"Wireframe","section":"Shading Mode"},"sceneLighting":false,"audioPlay":false,"sceneViewState":{"showFog":true,"showMaterialUpdate":false,"showSkybox":true,"showFlares":true,"showImageEffects":true,"showParticleSystems":true},"in2DMode":false,"pivot":{"x":-0.8470861911773682,"y":1.3397220373153687,"z":-2.980232238769531e-7},"rotation":{"x":0.2236909121274948,"y":0.049682777374982837,"z":-0.011418025009334088,"w":0.9733260869979858},"size":6.338832855224609,"orthographic":true}