{"cameraMode":{"drawMode":0,"name":"Shaded","section":"Shading Mode"},"sceneLighting":false,"audioPlay":false,"sceneViewState":{"showFog":true,"showMaterialUpdate":false,"showSkybox":true,"showFlares":true,"showImageEffects":true,"showParticleSystems":true},"in2DMode":false,"pivot":{"x":-1.6118510961532593,"y":1.0006604194641114,"z":-2.3168389797210695},"rotation":{"x":-0.27937617897987368,"y":-0.3462240993976593,"z":0.10880900174379349,"w":-0.8889536261558533},"size":2.881187915802002,"orthographic":false}