{"cameraMode":{"drawMode":1,"name":"Wireframe","section":"Shading Mode"},"sceneLighting":false,"audioPlay":false,"sceneViewState":{"showFog":true,"showMaterialUpdate":false,"showSkybox":true,"showFlares":true,"showImageEffects":true,"showParticleSystems":true},"in2DMode":false,"pivot":{"x":-0.8470861911773682,"y":1.3397220373153687,"z":-2.980232238769531e-7},"rotation":{"x":0.22369089722633363,"y":0.049682773649692538,"z":-0.011418024078011513,"w":0.9733260273933411},"size":6.338832855224609,"orthographic":true}