{"cameraMode":{"drawMode":0,"name":"Shaded","section":"Shading Mode"},"sceneLighting":false,"audioPlay":false,"sceneViewState":{"showFog":true,"showMaterialUpdate":false,"showSkybox":true,"showFlares":true,"showImageEffects":true,"showParticleSystems":true},"in2DMode":false,"pivot":{"x":41.882930755615237,"y":1.3521190881729127,"z":65.48717498779297},"rotation":{"x":-0.3067956268787384,"y":-0.05222097784280777,"z":0.016861077398061754,"w":-0.9501922130584717},"size":20.499963760375978,"orthographic":false}