{"cameraMode":{"drawMode":0,"name":"Shaded","section":"Shading Mode"},"sceneLighting":false,"audioPlay":false,"sceneViewState":{"showFog":true,"showMaterialUpdate":false,"showSkybox":true,"showFlares":true,"showImageEffects":true,"showParticleSystems":true},"in2DMode":false,"pivot":{"x":-3.8743019104003908e-7,"y":3.417999744415283,"z":-0.1269986629486084},"rotation":{"x":-0.3189878463745117,"y":0.30427461862564089,"z":-0.10893943905830383,"w":-0.8909522891044617},"size":6.637178897857666,"orthographic":false}