{"cameraMode":{"drawMode":0,"name":"Shaded","section":"Shading Mode"},"sceneLighting":false,"audioPlay":false,"sceneViewState":{"showFog":true,"showMaterialUpdate":false,"showSkybox":true,"showFlares":true,"showImageEffects":true,"showParticleSystems":true},"in2DMode":false,"pivot":{"x":-0.920203447341919,"y":0.5539870262145996,"z":-0.6404290199279785},"rotation":{"x":-0.3706888258457184,"y":-0.19371840357780457,"z":0.0793592557311058,"w":-0.9048564434051514},"size":6.324708461761475,"orthographic":false}