{"cameraMode":{"drawMode":0,"name":"Shaded","section":"Shading Mode"},"sceneLighting":false,"audioPlay":false,"sceneViewState":{"showFog":true,"showMaterialUpdate":false,"showSkybox":true,"showFlares":true,"showImageEffects":true,"showParticleSystems":true},"in2DMode":false,"pivot":{"x":-0.8470861911773682,"y":1.3397220373153687,"z":-2.980232238769531e-7},"rotation":{"x":-0.5677960515022278,"y":-0.04390951618552208,"z":0.03035072796046734,"w":-0.8214368224143982},"size":6.338832855224609,"orthographic":false}