{"cameraMode":{"drawMode":0,"name":"Shaded","section":"Shading Mode"},"sceneLighting":false,"audioPlay":false,"sceneViewState":{"showFog":true,"showMaterialUpdate":false,"showSkybox":true,"showFlares":true,"showImageEffects":true,"showParticleSystems":true},"in2DMode":false,"pivot":{"x":0.9512920379638672,"y":3.2695815563201906,"z":-1.538670539855957},"rotation":{"x":-0.15342387557029725,"y":-0.2139788419008255,"z":0.034050989896059039,"w":-0.9641134738922119},"size":9.172479629516602,"orthographic":false}