{"cameraMode":{"drawMode":0,"name":"Shaded","section":"Shading Mode"},"sceneLighting":false,"audioPlay":false,"sceneViewState":{"showFog":true,"showMaterialUpdate":false,"showSkybox":true,"showFlares":true,"showImageEffects":true,"showParticleSystems":true},"in2DMode":false,"pivot":{"x":-0.5456480979919434,"y":1.0306286811828614,"z":1.3342080116271973},"rotation":{"x":-0.2484002560377121,"y":-0.26549169421195986,"z":0.07099881768226624,"w":-0.9288544654846191},"size":5.776930809020996,"orthographic":false}