{"cameraMode":{"drawMode":0,"name":"Shaded","section":"Shading Mode"},"sceneLighting":false,"audioPlay":false,"sceneViewState":{"showFog":true,"showMaterialUpdate":false,"showSkybox":true,"showFlares":true,"showImageEffects":true,"showParticleSystems":true},"in2DMode":false,"pivot":{"x":42.268463134765628,"y":-3.2066650390625,"z":64.8919448852539},"rotation":{"x":-0.1640094369649887,"y":-0.11513063311576843,"z":0.01927712745964527,"w":-0.9795275926589966},"size":9.378777503967286,"orthographic":false}