{"cameraMode":{"drawMode":0,"name":"Shaded","section":"Shading Mode"},"sceneLighting":false,"audioPlay":false,"sceneViewState":{"showFog":true,"showMaterialUpdate":false,"showSkybox":true,"showFlares":true,"showImageEffects":true,"showParticleSystems":true},"in2DMode":false,"pivot":{"x":-0.14328554272651673,"y":1.6288524866104127,"z":-5.960464477539063e-8},"rotation":{"x":-0.3189878463745117,"y":0.30427461862564089,"z":-0.10893943905830383,"w":-0.8909522891044617},"size":6.024708271026611,"orthographic":false}